{
  "project_info": {
    "project_number": "979518466523",
    "firebase_url": "https://app-entwicklung-rezeptmanager-default-rtdb.europe-west1.firebasedatabase.app",
    "project_id": "app-entwicklung-rezeptmanager",
    "storage_bucket": "app-entwicklung-rezeptmanager.firebasestorage.app"
  },
  "client": [
    {
      "client_info": {
        "mobilesdk_app_id": "1:979518466523:android:79c50c01719a20389a1ffe",
        "android_client_info": {
          "package_name": "com.example.rezept_manager"
        }
      },
      "oauth_client": [],
      "api_key": [
        {
          "current_key": "AIzaSyBYkAxugDb3EQL74Md82LpDGLCbwPev9y8"
        }
      ],
      "services": {
        "appinvite_service": {
          "other_platform_oauth_client": []
        }
      }
    }
  ],
  "configuration_version": "1"
}